-- phpMyAdmin SQL Dump
-- version 5.2.1
-- https://www.phpmyadmin.net/
--
-- Host: 127.0.0.1
-- Generation Time: Oct 19, 2025 at 08:25 PM
-- Server version: 10.4.32-MariaDB
-- PHP Version: 8.1.25

SET SQL_MODE = "NO_AUTO_VALUE_ON_ZERO";
START TRANSACTION;
SET time_zone = "+00:00";


/*!40101 SET @OLD_CHARACTER_SET_CLIENT=@@CHARACTER_SET_CLIENT */;
/*!40101 SET @OLD_CHARACTER_SET_RESULTS=@@CHARACTER_SET_RESULTS */;
/*!40101 SET @OLD_COLLATION_CONNECTION=@@COLLATION_CONNECTION */;
/*!40101 SET NAMES utf8mb4 */;

--
-- Database: `food_recipes`
--

-- --------------------------------------------------------

--
-- Table structure for table `admin`
--

CREATE TABLE `admin` (
  `Email_Admin` varchar(50) NOT NULL,
  `First_name` varchar(50) DEFAULT NULL,
  `Image` varchar(255) DEFAULT NULL,
  `Password` varchar(225) DEFAULT NULL
) ENGINE=InnoDB DEFAULT CHARSET=utf8mb4 COLLATE=utf8mb4_unicode_ci;

--
-- Dumping data for table `admin`
--

INSERT INTO `admin` (`Email_Admin`, `First_name`, `Image`, `Password`) VALUES
('admin@example.com', 'SSS', '/uploads/1760334344640_SkPo5b7-band-of-brothers-wallpaper.jpg', '1'),
('narathon1307@gmail.com', 'AAA', '/uploads/1760859277377_GC-kUmwWMAA_IGi.jpg', '123456');

-- --------------------------------------------------------

--
-- Table structure for table `bookmarks`
--

CREATE TABLE `bookmarks` (
  `Bookmark_ID` int(11) NOT NULL,
  `Member_email` varchar(255) NOT NULL,
  `Recipe_code` int(11) NOT NULL
) ENGINE=InnoDB DEFAULT CHARSET=utf8mb4 COLLATE=utf8mb4_unicode_ci;

--
-- Dumping data for table `bookmarks`
--

INSERT INTO `bookmarks` (`Bookmark_ID`, `Member_email`, `Recipe_code`) VALUES
(14, 'admin@example.com', 8),
(18, 'admin@example.com', 11),
(17, 'admin@example.com', 14),
(16, 'admin@example.com', 21),
(12, 'asd@gmail.com', 1);

-- --------------------------------------------------------

--
-- Table structure for table `comments`
--

CREATE TABLE `comments` (
  `Comment_ID` int(11) NOT NULL,
  `Date` datetime NOT NULL DEFAULT current_timestamp(),
  `Comment_content` text NOT NULL,
  `Recipe_code` int(11) NOT NULL,
  `Member_email` varchar(255) DEFAULT NULL
) ENGINE=InnoDB DEFAULT CHARSET=utf8mb4 COLLATE=utf8mb4_general_ci;

--
-- Dumping data for table `comments`
--

INSERT INTO `comments` (`Comment_ID`, `Date`, `Comment_content`, `Recipe_code`, `Member_email`) VALUES
(1, '2025-10-19 17:50:05', 'ASDFG', 10, 'asd@gmail.com');

-- --------------------------------------------------------

--
-- Table structure for table `diseases`
--

CREATE TABLE `diseases` (
  `Disease_code` int(11) NOT NULL,
  `Disease_type` varchar(100) DEFAULT NULL
) ENGINE=InnoDB DEFAULT CHARSET=utf8mb4 COLLATE=utf8mb4_unicode_ci;

--
-- Dumping data for table `diseases`
--

INSERT INTO `diseases` (`Disease_code`, `Disease_type`) VALUES
(1, 'ไขมันในเลือดสูง'),
(2, 'โรคเบาหวาน'),
(3, 'โรคไต'),
(4, 'ความดันโลหิตสูง'),
(5, 'โรคหัวใจ'),
(6, 'โรคกระเพาะอาหาร'),
(7, 'ท้องผูก'),
(8, 'โลหิตจาง');

-- --------------------------------------------------------

--
-- Table structure for table `members`
--

CREATE TABLE `members` (
  `Email_member` varchar(50) NOT NULL,
  `First_name` varchar(50) DEFAULT NULL,
  `Password` varchar(225) DEFAULT NULL,
  `OTP` varchar(6) DEFAULT NULL,
  `comment` varchar(225) DEFAULT NULL,
  `Image` varchar(255) DEFAULT NULL,
  `Disease_tags` varchar(100) DEFAULT NULL
) ENGINE=InnoDB DEFAULT CHARSET=utf8mb4 COLLATE=utf8mb4_unicode_ci;

--
-- Dumping data for table `members`
--

INSERT INTO `members` (`Email_member`, `First_name`, `Password`, `OTP`, `comment`, `Image`, `Disease_tags`) VALUES
('asd@gmail.com', 'A1', '1', NULL, NULL, '/uploads/1760859530303_SkPo5b7-band-of-brothers-wallpaper.jpg', 'เบาหวาน,ท้องผูก');

-- --------------------------------------------------------

--
-- Table structure for table `recipes`
--

CREATE TABLE `recipes` (
  `Recipe_code` int(11) NOT NULL,
  `Image` varchar(255) DEFAULT NULL,
  `details` text DEFAULT NULL,
  `Recipe_name` varchar(200) DEFAULT NULL,
  `Meal` varchar(100) DEFAULT NULL COMMENT 'มื้ออาหาร: breakfast, lunch, dinner หรือหลายมื้อคั่นด้วยจุลภาค เช่น breakfast,lunch,dinner',
  `method` mediumtext NOT NULL,
  `raw_material` mediumtext NOT NULL,
  `Disease_tags` text DEFAULT NULL,
  `Disease_code` int(11) DEFAULT NULL
) ENGINE=InnoDB DEFAULT CHARSET=utf8mb4 COLLATE=utf8mb4_unicode_ci;

--
-- Dumping data for table `recipes`
--

INSERT INTO `recipes` (`Recipe_code`, `Image`, `details`, `Recipe_name`, `Meal`, `method`, `raw_material`, `Disease_tags`, `Disease_code`) VALUES
(1, '/uploads/mxqm9sniolkpww6f18h5arzqb.jpg', 'ข้าวโอ๊ตมีเบต้า-กลูแคน ซึ่งเป็นใยอาหารชนิดละลายน้ำที่ช่วยลดการดูดซึมคอเลสเตอรอล (LDL) และช่วยควบคุมระดับน้ำตาลในเลือด เมล็ดเจียให้โอเมก้า-3 และใยอาหารเพิ่มเติม สูตรนี้มีคาร์โบไฮเดรตเชิงซ้อนจากข้าวโอ๊ต และวิตามิน/ใยอาหารจากผลไม้ เป็นเมนูเริ่มต้นวันที่ดีต่อหัวใจและระบบย่อยอาหาร', 'ข้าวโอ๊ตกับผลไม้รวมและเมล็ดเจีย (Oatmeal with Mixed Fruits and Chia Seeds)', 'breakfast', '[\"[\\\"ต้มข้าวโอ๊ต: นำข้าวโอ๊ตและน้ำ/นม ใส่หม้อ ตั้งไฟกลาง คนเป็นระยะจนเดือดและข้าวโอ๊ตสุก นิ่ม และมีความข้นเหนียวตามชอบ (ประมาณ 5-7 นาที)\\\",\\\"ใส่เมล็ดเจีย: ยกลงจากเตา ใส่เมล็ดเจีย คนให้เข้ากัน พักไว้ 2 นาที\\\",\\\"ตักข้าวโอ๊ตใส่ชาม\\\",\\\"ถ้าต้องการความหวาน สามารถเติมหญ้าหวาน หรือน้ำผึ้งเล็กน้อย (ประมาณ 1/2 ช้อนชา)\\\"]\"]', '[\"[\\\"ข้าวโอ๊ต (ชนิดม้วนหรือหยาบ) 1/2 ถ้วยตวง\\\",\\\"น้ำเปล่าหรือนมไขมันต่ำ/นมจากพืช (ไม่หวาน) 1 ถ้วยตวง\\\",\\\"เมล็ดเจีย (Chia Seeds) 1 ช้อนโต๊ะ\\\",\\\"ผลไม้สดหั่นเต๋า 1/2 ถ้วยตวง (เช่น กล้วย, แอปเปิ้ล, เบอร์รี)\\\",\\\"ถั่วเปลือกแข็ง/อัลมอนด์หั่น (ไม่โรยเกลือ) 1 ช้อนโต๊ะ\\\",\\\"หญ้าหวาน หรือ น้ำผึ้งแท้ (เล็กน้อย) (ถ้าต้องการ)\\\"]\"]', 'ไขมันในเลือดสูง,เบาหวาน', 1),
(2, '/uploads/kqgx4m19tuvz8shvaq5xpbyvb.webp', 'เมนูนี้มีไขมันต่ำ และโปรตีนจากเต้าหู้อ่อนและหมูสับไม่ติดมันซึ่งย่อยง่าย เน้นการใช้เครื่องปรุงรสให้น้อยที่สุดเพื่อควบคุมปริมาณโซเดียม (ปัจจัยหลักของความดันโลหิตสูง) และไม่เป็นภาระต่อไต', 'ต้มจืดเต้าหู้อ่อนหมูสับ (Tofu and Minced Pork Soup)', 'lunch,dinner', '[\"[\\\"เตรียมหมูสับ: นำหมูสับมาปรุงรสด้วยซีอิ๊วขาวลดโซเดียมเพียงเล็กน้อย (ไม่จำเป็นต้องหมัก) และปั้นเป็นก้อนเล็กๆ\\\",\\\"ต้มน้ำซุป: ตั้งหม้อใส่น้ำซุปผัก หรือน้ำเปล่าให้เดือด\\\",\\\"ใส่ผัก: ใส่แครอทลงต้มก่อนจนเริ่มนิ่ม ตามด้วยกะหล่ำปลี/ผักกาดขาว\\\",\\\"ใส่หมูสับ: ใส่หมูสับที่ปั้นไว้ลงไปต้มจนสุก ไม่ต้องคนแรง\\\",\\\"ปรุงรส: ปรุงรสด้วยซีอิ๊วขาวลดโซเดียมที่เหลือ (ชิมรสชาติก่อนปรุงเพิ่ม) และพริกไทยป่น\\\",\\\"ใส่เต้าหู้และวุ้นเส้น: ใส่เต้าหู้อ่อนหั่นชิ้น และวุ้นเส้นที่แช่น้ำแล้ว รอจนวุ้นเส้นสุก (ประมาณ 1-2 นาที)\\\",\\\"ตักใส่ชาม โรยหน้าด้วยผักชีและพริกไทยเล็กน้อย\\\"]\"]', '[\"[\\\"หมูสับไม่ติดมัน 100 กรัม\\\",\\\"เต้าหู้อ่อนไข่ หรือ เต้าหู้อ่อนขาว 1 หลอด/ก้อน\\\",\\\"แครอทหั่นแว่น 1/4 หัว\\\",\\\"กะหล่ำปลี หรือ ผักกาดขาว หั่นชิ้นพอดีคำ 1 ถ้วย\\\",\\\"วุ้นเส้น (แช่น้ำให้นิ่ม) 1/4 ห่อ (เล็กน้อย)\\\",\\\"น้ำซุปผัก หรือ น้ำเปล่า 3 ถ้วยตวง\\\",\\\"ซีอิ๊วขาวลดโซเดียม 1/2 - 1 ช้อนชา\\\",\\\"พริกไทยป่น, ผักชีซอย (สำหรับโรยหน้า)\\\"]\"]', 'โรคไต,ความดันโลหิตสูง', 3),
(3, '/uploads/piwahs4a31kv0n53c330ufqu1.jpg', 'แซลมอนเป็นแหล่งของกรดไขมันโอเมก้า-3 (EPA และ DHA) ที่ช่วยบำรุงหัวใจและหลอดเลือด ลดการอักเสบ และลดไขมันไตรกลีเซอไรด์ ควินัวเป็นคาร์โบไฮเดรตเชิงซ้อนที่มีโปรตีนและใยอาหารสูง ผักโขมให้วิตามินและแร่ธาตุมากมาย', 'ปลาแซลมอนย่างกับสลัดผักโขมและควินัว (Grilled Salmon with Spinach and Quinoa Salad)', 'lunch,dinner', '[\"[\\\"หมักปลา: โรยเกลือและพริกไทยดำเล็กน้อยบนเนื้อปลาแซลมอน บีบน้ำมะนาวเล็กน้อย\\\",\\\"ย่างปลา: นำปลาไปย่างในกระทะเทฟลอนที่ทาน้ำมันมะกอกเล็กน้อย หรือย่างในเตาอบ/หม้อทอดไร้น้ำมันจนสุก (ประมาณ 5-7 นาทีต่อด้าน ขึ้นอยู่กับความหนา)\\\",\\\"เตรียมสลัด: ในชามผสม นำผักโขมสด, ควินัวหุงสุก, มะเขือเทศเชอร์รี่มาผสมกัน\\\",\\\"ทำน้ำสลัด: ผสมน้ำมะนาว, น้ำมันมะกอก (1 ช้อนชา) และมัสตาร์ดเล็กน้อย คนให้เข้ากัน ชิมรสชาติให้อ่อนที่สุด\\\",\\\"จัดจาน: ราดน้ำสลัดลงบนสลัดผักโขมและควินัว วางปลาแซลมอนย่างไว้ด้านข้าง หรือด้านบน\\\"]\"]', '[\"[\\\"เนื้อปลาแซลมอน (ส่วนไม่มีหนัง) 120-150 กรัม\\\",\\\"น้ำมะนาว 1/2 ช้อนโต๊ะ\\\",\\\"เกลือและพริกไทยดำ (เล็กน้อย)\\\",\\\"ควินัวหุงสุก 1/2 ถ้วยตวง\\\",\\\"ผักโขมสด 1 ถ้วยตวง\\\",\\\"มะเขือเทศเชอร์รี่ผ่าครึ่ง 1/4 ถ้วยตวง\\\",\\\"น้ำมันมะกอกบริสุทธิ์ 1 ช้อนชา\\\",\\\"น้ำสลัด: น้ำมะนาว, น้ำมันมะกอก, มัสตาร์ด (เล็กน้อย)\\\"]\"]', 'เบาหวาน,ไขมันในเลือดสูง,โรคหัวใจ', 5),
(4, '/uploads/zvl4dv8svzi3ze2bm7jlziuu1.webp', 'ไข่ขาวให้โปรตีนคุณภาพสูงโดยมีฟอสฟอรัสและโพแทสเซียมต่ำ ซึ่งเหมาะสำหรับผู้ป่วยโรคไตที่ต้องควบคุมแร่ธาตุเหล่านี้ การใช้ไข่ขาวเป็นหลัก (พร้อมไข่แดงเพียงเล็กน้อย) จะช่วยควบคุมปริมาณไขมันและคอเลสเตอรอลด้วย ผักที่ใช้ควรเป็นผักที่มีโพแทสเซียมต่ำถึงปานกลาง เช่น แครอท หัวหอม (ในปริมาณน้อย)', 'ไข่คนผักรวม (ใช้ไข่ขาวเยอะ) (Mixed Veggie Egg Scramble with High Egg White)', 'breakfast,lunch', '[\"[\\\"ตอกไข่ขาวและไข่แดง 1 ฟอง ใส่ชาม ตีให้เข้ากัน ปรุงรสด้วยเกลือและพริกไทยเล็กน้อย\\\",\\\"ตั้งกระทะ ใช้ไฟกลาง ใส่น้ำมันมะกอกเล็กน้อย หรือฉีดสเปรย์น้ำมัน นำแครอท, หัวหอม, พริกหวานลงผัดจนเริ่มนิ่ม\\\",\\\"เทส่วนผสมไข่ลงไปในกระทะ รอจนขอบเริ่มสุก\\\",\\\"ใช้ตะหลิวคนไข่อย่างเบามือไปมาจนกระทั่งไข่สุกตามความชอบ\\\"]\"]', '[\"[\\\"ไข่ขาว 3-4 ฟอง\\\",\\\"แครอทหั่นเต๋าเล็ก 1 ช้อนโต๊ะ\\\",\\\"หัวหอมหั่นเต๋าเล็ก 1 ช้อนโต๊ะ\\\",\\\"พริกหวาน (สีใดก็ได้) หั่นเต๋าเล็ก 1 ช้อนโต๊ะ\\\",\\\"น้ำมันมะกอก หรือสเปรย์น้ำมัน 1/2 ช้อนชา\\\",\\\"เกลือ (ลดโซเดียม) และพริกไทย (เล็กน้อย)\\\"]\"]', 'โรคไต', 3),
(5, '/uploads/l050pe5u3se22wr0ch6gj9ra7.avif', 'แกงส้มเป็นเมนูที่ให้ใยอาหารสูงมากจากผักหลากหลายชนิด และมีไขมันต่ำ (เนื่องจากไม่ใส่กะทิ) โปรตีนจากกุ้งช่วยให้อิ่มนาน สำหรับผู้ป่วยเบาหวานและผู้ที่ควบคุมน้ำหนัก ควรลดปริมาณน้ำตาลและเกลือ (น้ำปลา) ในสูตรลงให้มากที่สุด', 'แกงส้มผักรวมกุ้ง (Sour Curry with Mixed Vegetables and Shrimp)', 'dinner,lunch', '[\"[\\\"เตรียมน้ำแกงส้ม: นำเนื้อปลาต้มสุกมาโขลกหรือปั่นรวมกับน้ำพริกแกงส้มเล็กน้อย พักไว้\\\",\\\"ต้มน้ำแกง: ตั้งหม้อน้ำซุปหรือน้ำเปล่าให้เดือด ใส่ส่วนผสมน้ำพริกแกงส้มที่ผสมเนื้อปลาลงไป คนให้ละลาย\\\",\\\"ใส่ผัก: ใส่ผักที่สุกยากก่อน เช่น หัวไชเท้า, กะหล่ำดอก รอจนผักเริ่มนิ่ม จากนั้นใส่ผักที่สุกง่าย เช่น ถั่วฝักยาว, ผักกาดขาว\\\",\\\"ปรุงรส: ปรุงรสด้วยน้ำปลาลดโซเดียม, น้ำมะขามเปียก, และน้ำตาลปี๊บ/หญ้าหวานเล็กน้อย ชิมรสชาติ (เน้น เปรี้ยว, เผ็ด, เค็ม/หวาน น้อย)\\\",\\\"ใส่กุ้ง: ใส่กุ้งสดลงไปต้มจนสุก (ประมาณ 1-2 นาที)\\\",\\\"เสิร์ฟ: ตักใส่ชาม รับประทานพร้อมข้าวกล้อง\\\"]\"]', '[\"[\\\"กุ้งสดแกะเปลือกผ่าหลัง 10-15 ตัว\\\",\\\"ผักรวมตามชอบ 2 ถ้วย (เช่น ถั่วฝักยาว, กะหล่ำดอก, หัวไชเท้า, ผักกาดขาว)\\\",\\\"น้ำพริกแกงส้ม 2 ช้อนโต๊ะ\\\",\\\"เนื้อปลาต้มสุก (สำหรับผสมในน้ำพริกแกง) 50 กรัม\\\",\\\"น้ำเปล่า/น้ำซุปผัก 3 ถ้วยตวง\\\",\\\"น้ำปลาลดโซเดียม (ปรุงรส) 1 ช้อนชา\\\",\\\"น้ำตาลปี๊บ หรือ หญ้าหวาน (เล็กน้อย) 1/2 ช้อนชา\\\",\\\"น้ำมะขามเปียก (ความเปรี้ยวตามชอบ) 2-3 ช้อนโต๊ะ\\\"]\"]', 'เบาหวาน', 2),
(6, '/uploads/v8igscxx0yfs4hyky88cudfwb.jpg', 'อกไก่เป็นแหล่งโปรตีนที่สูงที่สุดและไขมันต่ำที่สุดในบรรดาเนื้อสัตว์ การย่างหรืออบแทนการทอดช่วยลดไขมันได้อย่างมาก และการกินคู่กับผักนึ่งทำให้ได้รับใยอาหารและวิตามินครบถ้วน เหมาะสำหรับผู้ที่ต้องการควบคุมแคลอรี่และรักษาระดับน้ำตาลในเลือด', 'สเต็กอกไก่พริกไทยดำกับผักนึ่ง (Black Pepper Chicken Breast Steak with Steamed Vegetables)', 'lunch,dinner', '[\"[\\\"นำอกไก่มาบั้งเล็กน้อยเพื่อให้เครื่องปรุงซึมเข้าเนื้อดี\\\",\\\"ทาอกไก่ด้วยน้ำมันมะกอกเล็กน้อย ตามด้วยเกลือลดโซเดียม, พริกไทยดำ, และกระเทียมสับ หมักไว้ 15-30 นาที\\\",\\\"นำผักนึ่งตามชอบใส่ซึ้งนึ่ง นึ่งจนกระทั่งสุก (ประมาณ 5-7 นาที)\\\",\\\"ย่างหรืออบอกไก่ในกระทะเทฟลอน/เตาอบ/หม้อทอดไร้น้ำมัน จนสุกทั่วถึง (ประมาณ 5-8 นาทีต่อด้าน)\\\",\\\"หั่นสเต็กไก่เป็นชิ้นพอดีคำ จัดใส่จานพร้อมผักนึ่ง\\\"]\"]', '[\"[\\\"อกไก่ลอกหนัง 1 ชิ้น\\\",\\\"พริกไทยดำ1 ช้อนชา\\\",\\\"เกลือลดโซเดียม 1/4 ช้อนชา\\\",\\\"น้ำมันมะกอก 1/2 ช้อนชา\\\",\\\"ผักนึ่งตามชอบ 1 ถ้วย\\\",\\\"กระเทียมสับ 1/2 ช้อนชา\\\"]\"]', 'เบาหวาน', 2),
(7, '/uploads/pl4jwcwo5mvspzxidv1wedvpf.jpg', 'ฟักทองย่อยง่าย อุดมไปด้วยวิตามิน A และใยอาหารที่ช่วยเคลือบกระเพาะอาหาร การทำซุปโดยไม่ใส่ครีมหรือนมวัวจะช่วยลดไขมันอิ่มตัวและแคลอรี่ เหมาะสำหรับผู้ที่ต้องการอาหารอ่อนๆ หรือผู้ที่อยู่ในช่วงฟื้นตัว', 'ซุปฟักทอง(Creamless Pumpkin Soup)', 'breakfast,dinner', '[\"[\\\"ผัดหอมใหญ่: ตั้งหม้อ ใส่น้ำมันมะกอกเล็กน้อย ผัดหัวหอมใหญ่สับจนนิ่มและใส\\\",\\\"ใส่ฟักทองและน้ำซุป: ใส่ฟักทองที่เตรียมไว้ และน้ำซุปผัก/น้ำเปล่าลงไป ต้มให้เดือด\\\",\\\"ปั่น: ยกลงจากเตา เทส่วนผสมใส่เครื่องปั่น (ระวังความร้อน) ปั่นจนเนียนเป็นเนื้อเดียวกัน\\\",\\\"อุ่นและปรุงรส: เทซุปที่ปั่นแล้วกลับลงในหม้อ อุ่นอีกครั้ง (ถ้าต้องการความเข้มข้นสามารถเติมนมจากพืช) ปรุงรสด้วยเกลือลดโซเดียมและพริกไทยป่น (เน้นรสจืด)\\\",\\\"ตักใส่ถ้วย พร้อมรับประทาน\\\"]\"]', '[\"[\\\"ฟักทองนึ่ง/ต้มสุก 200กรัม\\\",\\\"หัวหอมใหญ่สับละเอียด 1/4 หัว\\\",\\\"น้ำซุปผัก หรือ น้ำเปล่า 1.5 ถ้วยตวง\\\",\\\"น้ำมันมะกอก 1/2 ช้อนชา\\\",\\\"เกลือลดโซเดียม และพริกไทยป่น\\\",\\\"นมจากพืช (ไม่หวาน) 1/4 ถ้วยตวง\\\"]\"]', 'โรคกระเพาะอาหาร', 6),
(8, '/uploads/j8xspgsd46ltniky5khjsagxe.jpg', 'เป็นเมนูอาหารจานเดียวที่สามารถปรับให้ดีต่อสุขภาพได้ง่าย โดยใช้เนื้ออกไก่ไม่ติดมัน ใช้ข้าวกล้องแทนข้าวขาวเพื่อเพิ่มใยอาหาร และที่สำคัญที่สุดคือการควบคุมปริมาณน้ำมันและเครื่องปรุงรสเค็ม/หวานอย่างเคร่งครัด', 'ข้าวกล้องผัดกระเพราอกไก่(Stir-fried Chicken Breast with Holy Basil and Brown Rice)', 'lunch,dinner', '[\"[\\\"ผัดพริก: ตั้งกระทะ ใส่น้ำมันรำข้าว/มะกอก 1 ช้อนชา ใส่กระเทียมและพริกโขลก ลงผัดให้หอม\\\",\\\"ผัดไก่: ใส่เนื้ออกไก่สับ/หั่นลงผัดจนเกือบสุก\\\",\\\"ใส่ผักและปรุงรส: ใส่ผักที่เตรียมไว้ลงไปผัด ปรุงรสด้วยซีอิ๊วขาวลดโซเดียม, น้ำปลาลดโซเดียม (เลือกใช้ปริมาณที่น้อยที่สุด) และหญ้าหวาน/น้ำตาลเล็กน้อย\\\",\\\"ใส่ใบกะเพรา: เร่งไฟ ใส่ใบกะเพราลงไปผัดอย่างรวดเร็วให้ใบกะเพราสลด\\\",\\\"ตักราดบนข้าวกล้อง\\\"]\"]', '[\"[\\\"อกไก่สับ หรือ หั่นชิ้น 100-120 กรัม\\\",\\\"ข้าวกล้องหุงสุก 1 ถ้วยตวง\\\",\\\"กระเทียมและพริกขี้หนู (ตามชอบ) โขลกหยาบ\\\",\\\"ใบกะเพรา 1/2 ถ้วย\\\",\\\"ถั่วฝักยาว หรือ แครอท หั่นชิ้นเล็ก 1/4 ถ้วย\\\",\\\"น้ำมันรำข้าว/น้ำมันมะกอก 1 ช้อนชา\\\",\\\"ซีอิ๊วขาวลดโซเดียม 1/2 - 1 ช้อนชา\\\",\\\"น้ำปลาลดโซเดียม 1/2 ช้อนชา\\\"]\"]', 'เบาหวาน,ไขมันในเลือดสูง', 2),
(9, '/uploads/wt243dmilas87srv10g1xoc8g.jpg', 'โยเกิร์ตธรรมชาติ (ไม่หวาน) เป็นแหล่งของโพรไบโอติกส์ (แบคทีเรียดี) ที่ช่วยปรับสมดุลในลำไส้ และเป็นแหล่งแคลเซียมที่ดี ธัญพืชและผลไม้ให้ใยอาหารและสารต้านอนุมูลอิสระ เหมาะเป็นอาหารว่างเบาๆ ที่ช่วยบำรุงระบบย่อยอาหารและ', 'โยเกิร์ตธรรมชาติกับธัญพืชและน้ำผึ้งเล็กน้อย (Natural Yogurt with Grains and a Drizzle of Honey)', 'breakfast', '[\"[\\\"ตักโยเกิร์ตใส่ชาม\\\",\\\"โรยด้วยกราโนล่า/ข้าวโอ๊ต และผลไม้ตระกูลเบอร์รี\\\",\\\"โรยเมล็ดแฟลกซ์ หรือเมล็ดทานตะวันเล็กน้อย\\\",\\\"ราดน้ำผึ้งแท้ 1/2 - 1 ช้อนชาเล็กน้อย\\\"]\"]', '[\"[\\\"โยเกิร์ตธรรมชาติ (ไม่หวาน/ไขมันต่ำ) 1 ถ้วย\\\",\\\"กราโนล่า หรือ ข้าวโอ๊ต 1/4 ถ้วย\\\",\\\"ผลไม้ตระกูลเบอร์รี (บลูเบอร์รี, สตรอว์เบอร์รี) 1/2 ถ้วย\\\",\\\"น้ำผึ้ง 1/2 - 1 ช้อนชา\\\",\\\"เมล็ดแฟลกซ์ หรือ เมล็ดทานตะวัน (เล็กน้อย)\\\"]\"]', 'ท้องผูก', 7),
(10, '/uploads/iauwd4plzsmgm174buf6a6szd.jpeg', 'เมนูนี้เน้นผักและโปรตีนที่ดีต่อสุขภาพอย่างปลาทูย่าง/นึ่ง (มีโอเมก้า-3) หรืออกไก่ย่าง/นึ่ง และใยอาหารสูงมากจากผักสดและผักนึ่ง การควบคุมปริมาณน้ำพริกและรสเค็ม/หวานของน้ำพริกเป็นหัวใจสำคัญของสูตรนี้', 'น้ำพริกปลาทู/อกไก่ย่าง กับผักสดและผักนึ่ง (Chili Paste Dip with Grilled Mackerel/Chicken and Steamed Vegetables)', 'dinner,lunch', '[\"[\\\"เตรียมโปรตีน: นำปลาทูนึ่งมาแกะเนื้อ (เอาแต่เนื้อ) หรือนำอกไก่มาหั่นชิ้นย่าง/นึ่ง\\\",\\\"เตรียมผัก: ล้างผักสดให้สะอาด จัดใส่จาน นำผักนึ่ง/ต้มมาจัดใส่จาน (ไม่ควรนึ่งผักนานเกินไป)\\\",\\\"จัดจาน: จัดปลาทู/อกไก่ย่าง, ผักสด, ผักนึ่ง และน้ำพริกที่เตรียมไว้ลงในจานเดียวกัน\\\",\\\"รับประทานพร้อมข้าวกล้องเล็กน้อย (ถ้าต้องการคาร์โบไฮเดรต) โดยเน้นทานผักให้มากที่สุด\\\"]\"]', '[\"[\\\"ปลาทูนึ่ง 1 ตัว\\\",\\\"น้ำพริกหนุ่ม หรือ น้ำพริกอื่นที่ปรุงรสอ่อน 2 ช้อนโต๊ะ\\\",\\\"ผักสดตามชอบ (เช่น แตงกวา, กะหล่ำปลี, แครอท, ถั่วฝักยาว) 1-2 ถ้วย\\\",\\\"ผักนึ่ง/ต้มตามชอบ (เช่น บรอกโคลี, ดอกกะหล่ำ, ผักกาดขาว) 1-2 ถ้วย\\\",\\\"ข้าวกล้องหุงสุก (เล็กน้อย) (ถ้าต้องการ) 1/2 ถ้วย\\\"]\"]', 'เบาหวาน,ไขมันในเลือดสูง', 2),
(11, '/uploads/farlef42tpjhv4scd0y0v58eb.jpg', 'ข้าวต้มเป็นอาหารย่อยง่าย เหมาะสำหรับกระเพาะอาหารที่อ่อนแอหรือผู้ป่วยที่ต้องการอาหารเบาๆ  โปรตีนจากเนื้อปลา  เป็นโปรตีนคุณภาพดีและไขมันต่ำ', 'ข้าวต้มปลา', 'lunch,breakfast,dinner', '[\"นำข้าวหุงสุกใส่ในน้ำซุปหรือน้ำเปล่า ต้มจนข้าวบานและมีความหนืดของข้าวต้ม (ถ้าใช้ข้าวต้มตั้งแต่ต้นจะใช้เวลานานกว่า)\",\"นเนื้อปลาเป็นชิ้นพอดีคำ นำไปลวกในน้ำเดือด หรือใส่ลงในหม้อข้าวต้มโดยตรงจนสุก (2-3 นาที) *ถ้าผู้ป่วยไตต้องควบคุมปริมาณปลาตามคำแนะนำแพทย์\",\"รุงรสข้าวต้มด้วยเกลือลดโซเดียมเพียงเล็กน้อย หรือใช้ความหวานจากน้ำซุปผัก/ปลาธรรมชาติ\",\"ตักข้าวต้มใส่ชาม วางเนื้อปลาที่สุกแล้วด้านบน โรยด้วยขิงซอย, ผักชี, และต้นหอม (สามารถเพิ่มพริกไทยป่นเล็กน้อย)\"]', '[\"ข้าวหุงสุก 1/2 ถ้วยตวง\",\"น้ำซุปปลา หรือ น้ำเปล่า 2 ถ้วยตวง\",\"เนื้อปลาหั่นชิ้น 80-100 กรัม\",\"ขิงแก่ซอย (สำหรับดับกลิ่นคาวและช่วยย่อย)\",\"ผักชีและต้นหอมซอย (สำหรับโรยหน้า)\",\"เกลือลดโซเดียม (เล็กน้อย) (สำหรับปรุงรสปลา)\"]', 'โรคกระเพาะอาหาร', 6),
(12, '/uploads/lr22w98slz4f46ghm7ojcfh2r.jpg', 'ถั่วชิกพี (Chickpea) เป็นแหล่งโปรตีนจากพืชที่ดีเยี่ยม และมีใยอาหารสูงมาก ช่วยให้อิ่มนาน และดีต่อระบบขับถ่าย เป็นเมนูที่ไม่มีคอเลสเตอรอลและไขมันต่ำ (ถ้าใช้น้ำสลัดสูตรน้ำ)', 'สลัดถั่วชิกพี (Chickpea Salad)', 'dinner,lunch', '[\"[\\\"ในถ้วยเล็ก ผสมน้ำมันมะกอก, น้ำส้มสายชูบัลซามิก, เกลือเล็กน้อย และพริกไทยดำ คนให้เข้ากัน\\\",\\\"นชามใหญ่ นำถั่วชิกพี, ผักสลัด, มะเขือเทศ, และพริกหวานมาผสมกัน\\\",\\\"ราดน้ำสลัดที่เตรียมไว้ลงไป คลุกเคล้าให้เข้ากันเบาๆ\\\"]\"]', '[\"[\\\"ถั่วชิกพี  1/2 ถ้วยตวง\\\",\\\"ผักสลัดคละชนิด 1 ถ้วย\\\",\\\"มะเขือเทศหั่นชิ้นเล็ก 1/4 ถ้วย\\\",\\\"พริกหวาน  หั่นเต๋า 1/4 ถ้วย\\\",\\\"น้ำมันมะกอกบริสุทธิ์ 1 ช้อนโต๊ะ\\\",\\\"น้ำส้มสายชูบัลซามิก 1/2 ช้อนโต๊ะ\\\",\\\"เกลือและพริกไทยดำ\\\"]\"]', 'ท้องผูก', 7),
(13, '/uploads/h6gq7as9y4q9no5y30fx9ofqx.webp', 'ลาบเป็นเมนูที่ให้โปรตีนสูงและไขมันต่ำตามธรรมชาติ การเปลี่ยนจากเนื้อหมู/เนื้อวัวที่มีไขมันเป็นปลาทูน่าในน้ำแร่/น้ำเกลือ (ที่สะเด็ดน้ำแล้ว) จะช่วยลดไขมันอิ่มตัวได้มาก และยังได้โอเมก้า 3 ที่ดีต่อหัวใจ ควรลดปริมาณน้ำปลาและข้าวคั่วลงเพื่อลดโซเดียมและแคลอรี่', 'ลาบทูน่า (Healthy Tuna Laab)', 'dinner,lunch', '[\"[\\\"นำปลาทูน่าที่สะเด็ดน้ำแล้วใส่ลงในชาม\\\",\\\"ใส่หอมแดง, ต้นหอม, ผักชีฝรั่ง, พริกป่น, ข้าวคั่ว, น้ำปลาลดโซเดียม, และน้ำมะนาวลงไป\\\",\\\"คลุกเคล้าส่วนผสมทั้งหมดให้เข้ากัน ชิมรส (เน้นเปรี้ยว เผ็ด และเค็ม/หวานน้อย)\\\",\\\"ตักใส่จาน ตกแต่งด้วยใบสะระแหน่ รับประทานคู่กับผักสดที่เตรียมไว้\\\"]\"]', '[\"[\\\"ปลาทูน่าในน้ำแร่/น้ำเกลือ (สะเด็ดน้ำ) 1 กระป๋องเล็ก\\\",\\\"หอมแดงซอย 1 ช้อนโต๊ะ\\\",\\\"ต้นหอมและผักชีฝรั่งซอย 1 ช้อนโต๊ะ\\\",\\\"พริกป่น และ ข้าวคั่ว (เล็กน้อย) ตามชอบ\\\",\\\"น้ำปลาลดโซเดียม 1/2 ช้อนชา\\\",\\\"น้ำมะนาว 1 ช้อนโต๊ะ\\\",\\\"ใบสะระแหน่และผักสด (เช่น ถั่วฝักยาว, กะหล่ำปลี) สำหรับรับประทานคู่\\\"]\"]', 'ไขมันในเลือดสูง', 1),
(14, '/uploads/v47c8m58zewghldetmnhi39l5.jpg', 'ผักโขมเป็นแหล่งของธาตุเหล็กและโฟเลตที่ดีเยี่ยม ซึ่งจำเป็นสำหรับการสร้างเม็ดเลือดแดง การทำเป็นซุปผักโขมโดยไม่ใส่ครีม (ใช้การปั่นผักโขมให้เนียนแทน) จะทำให้เป็นเมนูที่แคลอรี่ต่ำมากและดีต่อระบบย่อยอาหาร', 'ซุปผักโขม(Creamless Spinach Soup)', 'dinner', '[\"[\\\"ตั้งหม้อ ใส่น้ำมันมะกอก ผัดหอมใหญ่และกระเทียมจนหอมและใส\\\",\\\"ใส่มันฝรั่งและน้ำซุปผักลงไป ต้มจนมันฝรั่งนิ่ม\\\",\\\"ใส่ผักโขมลงไปในหม้อ ต้มเพียง 1-2 นาทีจนสลด\\\",\\\"ยกลงจากเตา เทใส่เครื่องปั่น (ระวังความร้อน) ปั่นจนเนียนละเอียด\\\",\\\"เทกลับใส่หม้อ อุ่นอีกครั้ง ปรุงรสด้วยเกลือลดโซเดียมและพริกไทยป่นเล็กน้อย\\\",\\\"ตักใส่ถ้วย พร้อมรับประทาน\\\"]\"]', '[\"[\\\"ผักโขมสด (ใบ) 200 กรัม\\\",\\\"มันฝรั่งหั่นเต๋า (เล็กน้อย เพื่อเพิ่มความข้น) 1/4 หัว\\\",\\\"หอมใหญ่สับ 1/4 หัว\\\",\\\"กระเทียมสับ 1 กลีบ\\\",\\\"น้ำซุปผัก 2 ถ้วยตวง\\\",\\\"น้ำมันมะกอก 1/2 ช้อนชา\\\",\\\"เกลือลดโซเดียมและพริกไทยป่น (เล็กน้อย)\\\"]\"]', 'โลหิตจาง', 8),
(15, '/uploads/o22gw1xbgm9zurhv8kgslykeg.jpg', 'การปรุงอาหารด้วยวิธีเผาหรืออบเป็นวิธีการที่ทำให้เมนูอาหารไม่มีไขมันเพิ่ม (ถ้าไม่ทาน้ำมัน) เนื้อปลาเป็นแหล่งโปรตีนที่ดี และถ้าใช้ปลาที่มีไขมันดี เช่น ปลากะพง/ปลาซาบะ จะได้โอเมก้า 3', 'ปลาเผา/ปลาอบสมุนไพร (Herb-Baked/Grilled Fish)', 'dinner,lunch', '[\"[\\\"ทาเนื้อปลาด้วยน้ำมะนาว, เกลือลดโซเดียม, และพริกไทยเล็กน้อย\\\",\\\"างตะไคร้, ข่า, ใบมะกรูด บนเนื้อปลา หรือยัดไส้ปลา\\\",\\\"นำปลาไปอบในเตาอบ หรือหม้อทอดไร้น้ำมัน (ประมาณ 15-20 นาที ที่อุณหภูมิ 180-200°C) หรือนำไปย่าง/เผาจนสุก\\\",\\\"จัดปลาเผาพร้อมกับผักสดและผักนึ่ง (ทานกับน้ำจิ้มรสจัดน้อย)\\\"]\"]', '[\"[\\\"ปลา (เช่น ปลากะพง, ปลาทับทิม, ปลานิล) 1ตัว\\\",\\\"ตะไคร้หั่นท่อน/ทุบ\\\",\\\"ข่าหั่นแว่น, ใบมะกรูดฉีก\\\",\\\"น้ำมะนาว (เล็กน้อย)\\\",\\\"เกลือลดโซเดียมและพริกไทยป่น (เล็กน้อย)\\\",\\\"ผักสด/ผักนึ่งสำหรับรับประทานคู่\\\"]\"]', 'โรคหัวใจ,ไขมันในเลือดสูง', 1),
(16, '/uploads/y0xvvv6x356qefanw6lg8fj88.webp', 'การใช้เส้นสปาเกตตีโฮลวีท (Whole Wheat) แทนเส้นขาวจะเพิ่มใยอาหาร ทำให้ร่างกายดูดซึมน้ำตาลช้าลง ซอสมะเขือเทศให้ไลโคปีน (สารต้านอนุมูลอิสระ) และวิตามิน การปรุงโดยไม่ใส่ครีมหรือชีสมากเกินไปช่วยควบคุมไขมันและแคลอรี่ได้ดี', 'สปาเกตตีโฮลวีทซอสมะเขือเทศ (Whole Wheat Spaghetti with Tomato Sauce)', 'lunch,dinner', '[\"[\\\"ต้มเส้นสปาเกตตีโฮลวีทตามเวลาที่ระบุข้างซอง สะเด็ดน้ำ พักไว้\\\",\\\"ตั้งกระทะ ใส่น้ำมันมะกอก ผัดหอมใหญ่, แครอท, เซเลอรี่ จนเริ่มนิ่ม\\\",\\\"ใส่เนื้อไก่สับ/ถั่วเลนทิล ผัดจนสุก\\\",\\\"ใส่มะเขือเทศสับ/กระป๋อง ปรุงรสด้วยออริกาโน, โหระพา, เกลือลดโซเดียม, และพริกไทย เคี่ยวไฟอ่อน 10 นาที\\\",\\\"นำเส้นสปาเกตตีใส่ลงในซอส คลุกเคล้าให้เข้ากัน\\\",\\\"ตักใส่จาน (สามารถโรยชีสพาร์เมซานเล็กน้อยถ้าต้องการ)\\\"]\"]', '[\"[\\\"เส้นสปาเกตตีโฮลวีท 50-70 กรัม (น้ำหนักแห้ง)\\\",\\\"เนื้อไก่สับไม่ติดมัน หรือ ถั่วเลนทิล (ถ้ามังสวิรัติ) 80 กรัม\\\",\\\"เนื้อไก่สับไม่ติดมัน หรือ ถั่วเลนทิล (ถ้ามังสวิรัติ) 80 กรัม\\\",\\\"หอมใหญ่, แครอท, เซเลอรี่ (หั่นเต๋าเล็ก) 1/2 ถ้วย\\\",\\\"น้ำมันมะกอก 1 ช้อนชา\\\",\\\"ออริกาโน, โหระพา, เกลือลดโซเดียม, พริกไทย (เล็กน้อย)\\\"]\"]', 'เบาหวาน', 2),
(17, '/uploads/i42p6qeoh5mgvvo2dqrumpr9b.jpg', 'ข้าวไรซ์เบอร์รีเป็นคาร์โบไฮเดรตเชิงซ้อนที่มีดัชนีน้ำตาลต่ำ (Low GI) และมีสารต้านอนุมูลอิสระสูง เต้าหู้เป็นโปรตีนจากพืชที่ดีต่อหัวใจ เมนูนี้เน้นผักและลดปริมาณน้ำมันและเครื่องปรุงรสเค็ม', 'ข้าวไรซ์เบอร์รีผัดผักรวมเต้าหู้ (Stir-fried Tofu and Mixed Vegetables with Riceberry)', 'dinner,lunch', '[\"[\\\"ตั้งกระทะ ใส่น้ำมันรำข้าว 1 ช้อนชา ผัดกระเทียมจนหอม ใส่เต้าหู้ลงไปผัดจนเริ่มเหลือง (ถ้าใช้เต้าหู้อ่อนควรผัดอย่างเบามือ)\\\",\\\"ใส่ผักที่สุกยากก่อน (เช่น แครอท, บรอกโคลี) ตามด้วยผักที่สุกง่าย\\\",\\\"ใส่ข้าวไรซ์เบอร์รีหุงสุกและซีอิ๊วขาวลดโซเดียม 1/2 ช้อนชา\\\",\\\"ผัดเร็วๆ ให้ส่วนผสมเข้ากันดี (ถ้าแห้งเกินไปสามารถเติมน้ำเปล่าเล็กน้อย)\\\",\\\"ตักใส่จาน พร้อมรับประทาน\\\"]\"]', '[\"[\\\"ข้าวไรซ์เบอร์รีหุงสุก 1 ถ้วยตวง\\\",\\\"เต้าหู้อ่อน หรือ เต้าหู้แข็งหั่นเต๋า 80-100 กรัม\\\",\\\"ผักรวมตามชอบ 1 ถ้วย (เช่น บรอกโคลี, แครอท, เห็ด, ข้าวโพดอ่อน)\\\",\\\"กระเทียมสับ 1 ช้อนชา\\\",\\\"น้ำมันรำข้าว/น้ำมันมะกอก 1 ช้อนชา\\\",\\\"ซีอิ๊วขาวลดโซเดียม 1/2 ช้อนชา\\\"]\"]', 'เบาหวาน,ไขมันในเลือดสูง', 2),
(18, '/uploads/aiwl278pwwftt6csng6v6dpvy.jpg', 'การรวมผักใบเขียว (ใยอาหารสูงมาก) กับผลไม้หวานน้อยเข้าด้วยกัน ทำให้ได้เครื่องดื่มที่มีใยอาหาร, วิตามิน, และสารต้านอนุมูลอิสระสูง ช่วยให้ระบบขับถ่ายทำงานดีขึ้นและบำรุงสุขภาพผิว', 'น้ำผักผลไม้รวมปั่น (Green Smoothie)', 'breakfast', '[\"[\\\"ล้างผักใบเขียวให้สะอาด\\\",\\\"นำผักโขม/คะน้า, กล้วยแช่แข็ง, แอปเปิ้ล, น้ำมะนาว, และน้ำ/น้ำมะพร้าว ใส่ลงในเครื่องปั่น\\\",\\\"ปั่นจนส่วนผสมทั้งหมดเนียนเป็นเนื้อเดียวกัน\\\",\\\"เทใส่แก้ว สามารถโรยเมล็ดเจียเล็กน้อยเพื่อเพิ่มใยอาหารและโอเมก้า 3\\\"]\"]', '[\"[\\\"ผักโขม หรือ คะน้า (ใบ) 1 ถ้วย\\\",\\\"กล้วยน้ำว้า/กล้วยหอมแช่แข็ง 1/2 ลูก\\\",\\\"แอปเปิ้ลเขียวหั่นชิ้น 1/4 ลูก\\\",\\\"น้ำมะนาว 1/2 ช้อนชา\\\",\\\"น้ำเปล่า หรือ น้ำมะพร้าว (ไม่เติมน้ำตาล) 1/2 ถ้วย\\\",\\\"เมล็ดเจีย (ถ้ามี) 1/2 ช้อนชา\\\"]\"]', 'ท้องผูก', 7),
(19, '/uploads/j2wl8cnehaax2sg6vxrth0o42.jpg', '', 'แกงเหลืองปลากะพง', 'lunch,dinner', '[\"[\\\"ต้มน้ำเปล่าให้เดือด ละลายน้ำพริกแกงเหลืองลงไป (ถ้าต้องการความเข้มข้นสามารถต้มเนื้อปลาส่วนหนึ่งแล้วนำมาตำรวมกับน้ำพริก)\\\",\\\"ใส่ผักที่สุกยาก เช่น หน่อไม้ดอง หรือยอดมะพร้าวลงไป\\\",\\\"ปรุงรสด้วยน้ำมะขามเปียกและน้ำปลาลดโซเดียม (รสชาติ: เปรี้ยวนำ เผ็ดตาม เค็ม/หวานเล็กน้อย)\\\",\\\"ใส่เนื้อปลากะพงลงไปต้มจนสุก ปิดไฟ ตักใส่ชาม\\\"]\"]', '[\"[\\\"เนื้อปลากะพง 120 กรัม\\\",\\\"น้ำพริกแกงเหลือง 1 ช้อนโต๊ะ\\\",\\\"หน่อไม้ดอง (ต้ม/ล้างน้ำเกลือออก) หรือยอดมะพร้าว\\\",\\\"ถั่วฝักยาว/ถั่วพู (ตามชอบ)\\\",\\\"น้ำมะขามเปียก 2 ช้อนโต๊ะ\\\",\\\"น้ำปลาลดโซเดียม 1 ช้อนชา\\\",\\\"น้ำเปล่า 300 มล.\\\"]\"]', 'ไขมันในเลือดสูง', 1),
(20, '/uploads/bl8ind87iezndea8smibqyjma.jpg', '', 'ยำมะเขือยาว', 'lunch,dinner', '[\"[\\\"นำมะเขือยาวไปเผาหรืออบจนสุกนิ่ม ลอกเปลือกออก แล้วฉีกเป็นเส้นยาวๆ\\\",\\\"เตรียมน้ำยำ: ผสมน้ำปลาลดโซเดียม น้ำมะนาว น้ำตาลหญ้าหวาน พริกขี้หนู และหอมแดงซอยเข้าด้วยกัน\\\",\\\"นำมะเขือยาวและกุ้งลวก (หรือไข่ต้ม) ใส่ลงในชาม 4. ราดด้วยน้ำยำที่เตรียมไว้ คลุกเคล้าเบาๆ ให้เข้ากัน โรยผักชี\\\"]\"]', '[\"[\\\"มะเขือยาวเผา/อบ 1-3 ลูก\\\",\\\"น้ำปลาลดโซเดียม 1 ช้อนชา\\\",\\\"น้ำมะนาว 1.5 ช้อนโต๊ะ\\\",\\\"น้ำตาลหญ้าหวาน (หรือน้ำตาลทรายไม่ขัดสี) 1/4 ช้อนชา\\\",\\\"พริกขี้หนูสับ, หอมแดงซอย, ผักชี\\\"]\"]', 'ไขมันในเลือดสูง', 1),
(21, '/uploads/vnlqbm0w0byiissw0wtim174l.jpg', '', 'เมี่ยงปลาทู', 'lunch,dinner', '[\"แกะเนื้อปลาทูนึ่ง (ถ้าทอดปลาทูควรทอดด้วยน้ำมันน้อย หรืออบ)\",\"เตรียมผักและเครื่องเคียงทั้งหมดให้พร้อม\",\"ผสมน้ำจิ้มรสจัดจ้าน (เปรี้ยว เผ็ด เค็ม หวานน้อย)\",\"จัดจานปลาทูพร้อมผักและเครื่องเคียง เวลาทานให้ห่อทุกอย่างรวมกัน ราดด้วยน้ำจิ้ม\"]', '[\"เนื้อปลาทูนึ่ง 1 ตัว (แกะเอาแต่เนื้อ)\",\"ผักกาดหอม/ใบชะพลู (สำหรับห่อ)\",\"เส้นหมี่ลวก 50 กรัม (ทานแต่พอดี)\",\"ขิง, หอมแดง, พริก, มะนาวหั่นเต๋าเล็ก (เครื่องเคียง)\",\"น้ำจิ้ม: น้ำปลาลดโซเดียม น้ำมะนาว น้ำตาลหญ้าหวาน (เล็กน้อย) พริก\"]', 'โรคหัวใจ,ไขมันในเลือดสูง', 5),
(22, '/uploads/q3chdugjtuhvx1esgs70oetwk.jpg', '', 'ต้มเลือดหมู', 'lunch,dinner', '[\"[\\\"ตั้งน้ำซุปให้เดือด ใส่หมูสับ ตับหมู และเลือดหมู ต้มจนสุก\\\",\\\"ใส่ใบตำลึงลงไปต้มจนนิ่ม\\\",\\\"ปรุงรสด้วยซีอิ๊วขาวลดโซเดียมเล็กน้อย (ไม่เน้นรสเค็ม)\\\",\\\"ตักใส่ชาม โรยพริกไทยป่นและใบขึ้นฉ่ายซอย\\\"]\"]', '[\"[\\\"เลือดหมู 50 กรัม\\\",\\\"หมู 30 กรัม\\\",\\\"เนื้อหมูสับ/หมูชิ้น 30 กรัม\\\",\\\"ใบตำลึง 1 กำมือ\\\",\\\"น้ำซุปกระดูกหมู/ไก่ 300 มล.\\\",\\\"ซีอิ๊วขาวลดโซเดียม 1/2 ช้อนชา\\\",\\\"พริกไทยป่น, ขึ้นฉ่าย\\\"]\"]', 'โลหิตจาง', 8),
(23, '/uploads/lbi2yavt7fxh1twtifx27n0nv.webp', '', 'ปลากะพงนึ่งซีอิ๊ว', 'lunch,dinner', '[\"[\\\"วางเนื้อปลากะพงบนจานสำหรับนึ่ง โรยด้วยขิงซอยและเห็ดหอม\\\",\\\"ผสมซีอิ๊วขาวลดโซเดียม น้ำซุป และน้ำมันงา เข้าด้วยกัน ราดบนเนื้อปลา\\\",\\\"นำไปนึ่งในน้ำเดือด ประมาณ 10-15 นาที จนปลาสุก\\\",\\\"เมื่อสุกแล้วโรยด้วยต้นหอมซอยและขึ้นฉ่าย ยกเสิร์ฟพร้อมข้าวกล้อง\\\"]\"]', '[\"[\\\"เนื้อปลากะพงแล่ 150 กรัม\\\",\\\"ขิงซอย, ต้นหอมซอย, ขึ้นฉ่ายหั่นท่อน\\\",\\\"เห็ดหอมแช่น้ำหั่นชิ้น\\\",\\\"ซีอิ๊วขาวลดโซเดียม 1 ช้อนชา\\\",\\\"น้ำซุป 1 ช้อนโต๊ะ\\\",\\\"น้ำมันงา 1/2 ช้อนชา\\\"]\"]', 'ไขมันในเลือดสูง', 1),
(24, '/uploads/nv36wbr9bpl2kbqypqjxlxamj.jpeg', '', 'สลัดโรลไก่ฉีกน้ำจิ้มซีฟู้ด', 'lunch,dinner', '[\"[\\\"ล้างผักและหั่นเป็นเส้น เตรียมอกไก่ฉีก\\\",\\\"ทำน้ำจิ้มซีฟู้ด: ปั่นหรือโขลกพริก รากผักชี กระเทียม (ถ้าชอบ) ปรุงรสด้วยน้ำมะนาว น้ำปลาลดโซเดียม และน้ำตาลหญ้าหวาน\\\",\\\"างแผ่นแป้ง จุ่มน้ำเล็กน้อย วางผักและไก่ฉีก ม้วนให้แน่น 4. หั่นเป็นชิ้นพอดีคำ เสิร์ฟพร้อมน้ำจิ้มซีฟู้ด\\\"]\"]', '[\"[\\\"แผ่นแป้งสำหรับทำสลัดโรล\\\",\\\"อกไก่ต้มฉีกเป็นเส้น 80 กรัม\\\",\\\"ผักสลัด (กะหล่ำม่วง, แครอท, แตงกวา)\\\",\\\"น้ำมะนาว, พริกเขียว/แดง, รากผักชี\\\",\\\"น้ำปลาลดโซเดียม 1/2 ช้อนชา\\\",\\\"น้ำตาลหญ้าหวาน 1/4 ช้อนชา (แทนน้ำตาล)\\\"]\"]', 'เบาหวาน', 2);

--
-- Indexes for dumped tables
--

--
-- Indexes for table `admin`
--
ALTER TABLE `admin`
  ADD PRIMARY KEY (`Email_Admin`);

--
-- Indexes for table `bookmarks`
--
ALTER TABLE `bookmarks`
  ADD PRIMARY KEY (`Bookmark_ID`),
  ADD UNIQUE KEY `uniq_member_recipe` (`Member_email`,`Recipe_code`),
  ADD KEY `idx_bookmarks_email` (`Member_email`),
  ADD KEY `idx_bookmarks_recipe` (`Recipe_code`);

--
-- Indexes for table `comments`
--
ALTER TABLE `comments`
  ADD PRIMARY KEY (`Comment_ID`),
  ADD KEY `Recipe_code` (`Recipe_code`);

--
-- Indexes for table `diseases`
--
ALTER TABLE `diseases`
  ADD PRIMARY KEY (`Disease_code`);

--
-- Indexes for table `members`
--
ALTER TABLE `members`
  ADD PRIMARY KEY (`Email_member`);

--
-- Indexes for table `recipes`
--
ALTER TABLE `recipes`
  ADD PRIMARY KEY (`Recipe_code`),
  ADD KEY `Disease_code` (`Disease_code`);

--
-- AUTO_INCREMENT for dumped tables
--

--
-- AUTO_INCREMENT for table `bookmarks`
--
ALTER TABLE `bookmarks`
  MODIFY `Bookmark_ID` int(11) NOT NULL AUTO_INCREMENT, AUTO_INCREMENT=19;

--
-- AUTO_INCREMENT for table `comments`
--
ALTER TABLE `comments`
  MODIFY `Comment_ID` int(11) NOT NULL AUTO_INCREMENT, AUTO_INCREMENT=2;

--
-- AUTO_INCREMENT for table `diseases`
--
ALTER TABLE `diseases`
  MODIFY `Disease_code` int(11) NOT NULL AUTO_INCREMENT, AUTO_INCREMENT=9;

--
-- AUTO_INCREMENT for table `recipes`
--
ALTER TABLE `recipes`
  MODIFY `Recipe_code` int(11) NOT NULL AUTO_INCREMENT, AUTO_INCREMENT=25;

--
-- Constraints for dumped tables
--

--
-- Constraints for table `bookmarks`
--
ALTER TABLE `bookmarks`
  ADD CONSTRAINT `fk_bookmarks_recipe` FOREIGN KEY (`Recipe_code`) REFERENCES `recipes` (`Recipe_code`) ON DELETE CASCADE;

--
-- Constraints for table `comments`
--
ALTER TABLE `comments`
  ADD CONSTRAINT `fk_comments_recipe` FOREIGN KEY (`Recipe_code`) REFERENCES `recipes` (`Recipe_code`) ON DELETE CASCADE;

--
-- Constraints for table `recipes`
--
ALTER TABLE `recipes`
  ADD CONSTRAINT `recipes_ibfk_2` FOREIGN KEY (`Disease_code`) REFERENCES `diseases` (`Disease_code`);
COMMIT;

/*!40101 SET CHARACTER_SET_CLIENT=@OLD_CHARACTER_SET_CLIENT */;
/*!40101 SET CHARACTER_SET_RESULTS=@OLD_CHARACTER_SET_RESULTS */;
/*!40101 SET COLLATION_CONNECTION=@OLD_COLLATION_CONNECTION */;
